location,ext_article_id,ext_article_name_loading,ext_article_name_unloading,admmit_article_name,admmit_article_name_alternative
Follestad,112,Bærelag 0-32 mm trinn 1,,0-32 mm,
Fornebu,112,Bærelag 0-32 mm trinn 1,,0-32 mm,
Fornebu,116,Bærelag 0-32 mm trinn 1 N200,,0-32 mm N200,
Fornebu,103,Bærelag 0-60 mm trinn 1,,0-60 mm,
Follestad,103,Bærelag 0-60 mm trinn 1,,0-60mm,
Fornebu,111,Forsterkningslag 0-120 mm (*),,0-120mm,
Fornebu,113,Frostsikring 0-250 mm (*),,0-250mm,
Follestad,212,Grøftepukk 16-32 mm,,16-32mm,
Fornebu,212,Grøftepukk 16-32 mm,,16-32mm,
Follestad,211,Grøftepukk 4-16 mm,,4-16 mm,
Fornebu,211,Grøftepukk 4-16 mm,,4-16 mm,
Follestad,202,Grøftepukk 4-8 mm,,4-8mm,
Fornebu,202,Grøftepukk 4-8 mm (*),,4-8mm,
Follestad,204,Grøftepukk 8-16 mm,,8-16mm,
Fornebu,204,Grøftepukk 8-16 mm,,8-16 mm,
Follestad,107,Maskinkult 20 - 120 mm,,20-120 mm,
Fornebu,107,Maskinkult 20 - 120 mm,,20-120 mm,
Fornebu,115,Maskinkult 20 - 120 mm N200,,22-120mm N200,
Follestad,201,Maskinsand 0-4 mm,,0-4 mm,
Fornebu,201,Maskinsand 0-4 mm,,0-4 mm,
Follestad,105,Pukk 16-60 mm ,,20-60 mm,
Fornebu,105,Pukk 16-60 mm ,,20-60 mm,
Follestad,110,Sprengstein 0 - 700 mm,,Sprengstein 0-700 mm,
Fornebu,110,Sprengstein 0 - 700 mm,,Sprengstein 0-700 mm,
Fornebu,403,,Sprengstein under 700 mm,Sprengstein,
Fornebu,214,Strøsingel 2-6 mm,,2-6 mm,
Follestad,102,Subbus 0-16 mm,,0-16 mm,
Fornebu,102,Subbus 0-16 mm,,0-16mm,
Follestad,101,Subbus 0-8 mm,,0-8 mm,
Fornebu,101,Subbus 0-8 mm (*),,0-8mm,
Skedsmo,,22/63 Pukk Skedsmo,,20-60mm,
Skedsmo,,6/16 Finpukk Skedsmo,,6-16mm,
Skedsmo,,22/125 Kult Skedsmo,,20-120mm,
Yggeset,1,,Betong med/uten armering,Ukjent,
Yggeset,2,,Asfaltflak,Asfaltflak,
Yggeset,5,Subbus 0-60,,0-60mm,
Yggeset,6,Pukk 20-60,,20-60mm,
Yggeset,7,Pukk 20-120,,20-120mm,
Yggeset,8,Knust asfalt 0-16,,0-16 mm Knust asfalt,
Yggeset,10,Subbus 0-20,,0-20 mm,
Yggeset,11,,Fyllmasse,Rene tørre masser,
Yggeset,12,,"Stubber, røtter og kvist",Ukjent,
Yggeset,13,Pukk 8-16,,8-16mm,
Yggeset,14,Steinmel 0-4,,0-4mm,
Helgelandsmoen,,Uharpet Sand,,Uharpet Sand,
Helgelandsmoen,,Harpet sand 0-8,,0-8mm natursand,
Helgelandsmoen,,Vekstmedie,,Vekstmedium,
Helgelandsmoen,,Filtermedie,,Filtermedium,
Helgelandsmoen,,Støtsand,,Støtsand,
Helgelandsmoen,,Sandkassesand,,Byggbar lekesand,
Helgelandsmoen,,Toppdress 0-3 mm,,Toppdress,
Helgelandsmoen,,Anleggsjord moldholdig,,Moldrik jord,
Helgelandsmoen,,Anleggsjord moldfattig,,Moldfattig jord,
Helgelandsmoen,,Torvfri anleggsjord moldholdig,,Ukjent,
Helgelandsmoen,,Torvfri anleggsjord moldfattig,,Ukjent,
Helgelandsmoen,,Jord/sand i storsekk ca. 1 kbm,,Jord/sand i storsekk,
Helgelandsmoen,,,Fyllmasse tørre masser,Rene tørre masser,
Helgelandsmoen,,,Fyllmasse bløte masser,Rene bløte masser,
Skolt Miljøpark AS,,UNDERLAGSJORD - ANLEGGSJORD,,Harpet anleggs jord,
Skolt Pukkverk AS,,SUBBUS 0-20 - Entreprenør,,0-20mm,
Skolt Pukkverk AS,,SINGEL 2-5 Entreprenør,,2-5mm,
Ryghkollen,513,,"Rene gravemasser, etter avtale",Rene tørre masser,
Ryghkollen,514,,"Asfaltflak, mottak",Asfaltflak,
Ryghkollen,517,Underlagsjord,,Ukjent,
Ryghkollen,551,22/125 Maskinkult gjenbruk,,20-120mm resirkulert,20-120mm
Ryghkollen,553,0/20 Subbus gjenbruk,,0-20mm resirkulert,0-20mm
Ryghkollen,556,20/60 Pukk gjenbruk,,20-60mm resirkulert,20-60mm
Ryghkollen,557,Sprengstein gjenbruk,,Sprengstein,
Ryghkollen,558,0/11 Knust asfalt,,0-11mm Knust asfalt,
Ryghkollen,600,0/8 Støpesand,,Støpesand 0-8mm,
Ryghkollen,601,0/32 Bærlagsmasse,,0-32mm,
Ryghkollen,602,22/125 Maskinkult N200,,22-120mm N200,
Ryghkollen,603,0/8 Vasket støpesand,,Støpesand 0-8mm vasket,
Ryghkollen,605,"Sortert kulestein stor, etter avtale",,Dekorstein,
Ryghkollen,606,8/16 Pukk gjenbruk,,8-16mm,
Ryghkollen,608,Uharpet grus,,Ukjent,
Ryghkollen,611,"0/2 Finsand/kabelsand, vasket natur",,Ukjent,
Ryghkollen,616,4/16 Pukk gjenbruk,,4-16mm,
Ryghkollen,617,4/8 Pukk,,4-8mm,
Ryghkollen,642,0/4 Maskinsand,,0-4mm,
Ryghkollen,643,0/4 Subbus gjenbruk,,0-4mm resirkulert,
Ryghkollen,644,Finsilt,,Ukjent,
Ryghkollen,645,,Sprengstein inn,Sprengstein,
Ryghkollen,648,,"Lett forurensede masser (linert, T2-T3), etter avtale",Lett forurenset kl 2-3 Inerte,
Ryghkollen,649,,"Forurensede masser (ordinært, T4-T5), etter avtale",Forurenset kl 4-5,
Ryghkollen,651,20/50 Kulestein,,Ukjent,
Ryghkollen,652,,"Masser til karantene, etter avtale",Ukjent,
Ryghkollen,653,,Gateoppsop,Ukjent,
Ryghkollen,658,4/8 Pukk i telt,,4-8mm,
Nes Miljøpark,6031,,Lett forurenset masse kl 2,Lett forurenset kl 2,
Nes Miljøpark,6032,,Lett forurenset masse kl 3,Lett forurenset kl 3,
Nes Miljøpark,6033,,Lett forurenset masse kl 2-3,Lett forurenset kl 2-3,
Nes Miljøpark,6034,,Lett forurenset masse m fremmedart kl 2-3,Lett Forurenset kl 2-3 med uønskede arter,
Nes Miljøpark,6037,,Inerte masser tkl 2-3,Lett forurenset kl 2-3 Inerte,
Nes Miljøpark,6041,,Forurenset masse kl 4,Forurenset kl 4,
Nes Miljøpark,6042,,Forurenset masse kl 5,Forurenset kl 5,
Nes Miljøpark,6043,,Forurenset masse kl 4-5,Forurenset kl 4-5,
Nes Miljøpark,6047,,Forurenset masse m fremmedart kl 4-5,Forurenset kl 4-5 med uønskede arter,
Nes Miljøpark,6049,,Forurenset masse med olje tkl 4-5,Forurenset kl 4-5 olje,
Nes Miljøpark,1012,VG 2-8 mm utveiing strøgrus,,2-8mm resirkulert,
Nes Miljøpark,1032,VG 16-63 mm Utveiing Kult,,20-60mm resirkulert,
Nes Miljøpark,1010,VG 0 - 16 mm,,0-16mm resirkulert,
Vestsiden,454,0/120 Samspukk,,0-120mm,
Vestsiden,401,0/22 Subbus,,0-22mm,
Heen,335,0/3 Filtersand kl A,,Filtersand 0-3mm,
Vestsiden,302,0/3 Muresand,,Ukjent,
Heen,302,0/3 Pusse - Muresand,,Ukjent,
Heen,358,0/3 Pussesand,,Ukjent,
Heen,319,0/3 Støtsand,,Støtsand,
Vestsiden,413,0/32 Sams pukk,,0-32mm,
Vestsiden,432,0/32 Sams pukk f5 sek,,Ukjent,
Heen,338,0/4 Kabelsand,,Kabelsand natur 0-4mm,
Vestsiden,402,0/4 Steinmel,,0-4mm,
Vestsiden,416,0/4 Veimasse,,0-4mm,
Vestsiden,412,0/60 Sams pukk,,0-60mm,
Vestsiden,441,0/63 Sams pukk f5 sek,,Ukjent,
Heen,332,0/8 Fyllgrus harpet,,Fyllgrus 0-8mm,
Heen,320,0/8 Stenmel,,0-8mm,
Heen,304,0/8 Strøsand varm,,Ukjent,
Heen,301,0/8 Støpesand,,Støpesand 0-8mm,
Heen,350,0/8 Støpesand,,Støpesand 0-8mm,
Heen,362,0/8 Støpesand,,Støpesand 0-8mm,
Vestsiden,301,0/8 Støpesand,,Støpesand 0-8mm,
Heen,354,0/8 Varm sand,,Ukjent,
Vestsiden,433,0/90 Sams pukk,,Ukjent,
Heen,326,"11,2/16 Pukk",,Ukjent,
Heen,357,"11,2/16 Pukk",,Ukjent,
Heen,365,"11,2/16 Pukk",,Ukjent,
Vestsiden,405,"11,2/16 Pukk",,Ukjent,
Heen,317,130++ Rundkamp,,Elvestein 130mm+++,
Heen,309,16/22 Singel,,Rundsingel 16-22mm,
Heen,353,16/22 Singel,,Ukjent,
Vestsiden,436,16/300 Grov kult,,16-300mm,
Vestsiden,406,16/32 Pukk,,16-32mm,
Vestsiden,437,16/75 Pukk,,16-75mm,
Vestsiden,426,2/4 Innelager pukk,,Ukjent,
Vestsiden,423,2/4 Pukk,,2-4mm,
Vestsiden,429,2/6 Innelager pukk,,Ukjent,
Vestsiden,428,2/6 Pukk,,2-6mm,
Vestsiden,410,22/125 Maskinkult,,20-120mm,
Heen,313,22/35 Mellomsingel,,Elvestein 22-35mm,
Heen,306,35/45 Elvesingel,,Elvestein 35-45 mm,
Vestsiden,418,4/16 Pukk,,4-16mm,
Vestsiden,424,4/6 Innelager pukk,,Ukjent,
Vestsiden,421,4/6 Pukk,,Ukjent,
Heen,329,4/8 Pukk,,Ukjent,
Heen,363,4/8 Pukk,,Ukjent,
Vestsiden,403,4/8 Pukk,,4-8mm,
Heen,311,45/60 Singel,,Elvestein 45-60mm,
Vestsiden,427,5/16 Pukk,,Ukjent,
Heen,315,60/90 Elvesingel,,Elvestein 60-90 mm,
Heen,322,"8/11,2 Pukk",,Ukjent,
Heen,364,"8/11,2 Pukk",,Ukjent,
Vestsiden,404,"8/11,2 Pukk",,Ukjent,
Heen,308,8/16 Hagesingel,,Rundsingel 8-16mm,
Vestsiden,422,8/16 Pukk,,8-16mm,
Heen,352,8/16 Singel,,Ukjent,
Heen,316,90/130 Elvesingel,,Elvestein 90-130mm,
Vestsiden,439,90/130 Grov kult (Gabionstein),,Ukjent,
Prestmoen,623,Bandekke Øvrevoll,,Ukjent,
Heen,333,Bigbag,,Steinmaterialer i storsekk,
Vestsiden,409,Bruddsteinrøys,,Ukjent,
Prestmoen,612,Bunkersand,,Ukjent,
Prestmoen,624,Byggbar sandkassesand 0/3mm,,Byggbar lekesand,
Prestmoen,617,Dekorstein N 4/16mm,,Elvestein 4-16mm,
Prestmoen,609,Filtersand Klasse A 0/3mm,,Filtersand 0-3mm,
Prestmoen,621,Filtersand Klasse B 0/3mm,,Filtersand 0-3mm,
Heen,331,Fyllgrus,,Ukjent,
Prestmoen,606,Fyllgrus med kvabb f16,,Ukjent,
Prestmoen,626,Fyllgrus Nedre Nivå T1,,Ukjent,
Heen,314,Fyllingstein,,Ukjent,
Prestmoen,600,Gartnerjord,,Ukjent,
Vestsiden,600,Gartnerjord,,Ukjent,
Prestmoen,605,Harpet sand 0/3 mm,,Harpet natursand 0-3mm,
Prestmoen,604,Harpet sand 0/8 mm,,0-8mm natursand,
Prestmoen,625,Kabelsand 0/4mm,,Kabelsand natur 0-4mm,
Vestsiden,440,Leieveiing pr lass,,Ukjent,
Vestsiden,414,Opprensk,,Ukjent,
Prestmoen,615,Plantejord,,Plantejord,
Prestmoen,601,Plenjord,,Ukjent,
Prestmoen,614,Rhododendronjord,,Ukjent,
Prestmoen,620,Sandvolleyball sand 0/3mm,,Ukjent,
Prestmoen,616,Skjellet jord,,Rotvennlig forsterkningslag,
Prestmoen,608,Støtsand med HIC test,,Støtsand,
Prestmoen,611,Toppdressing,,Toppdress,
Heen,330,Toppmasse ,,Ukjent,
Prestmoen,607,Toppmasse ikke harpet,,Ukjent,
Prestmoen,610,Underlagsjord,,Ukjent,
Prestmoen,613,USGA sand 0/2mm,,Ukjent,
Prestmoen,602,Vekstjord m/kompost,,Ukjent,
Prestmoen,634,Vekstmedie 0/3mm,,Vekstmedium,
Heen,348,,Deponi TK1 Rene masser (tørre),Rene tørre masser,
Heen,349,,Deponi TK1 Rene masser (bløte),Rene bløte masser,
Enebakk,1,Maskin Kult 20-120,,20-120mm,
Enebakk,3,Subbus 0-20,,0-20mm,
Furuset,1,Maskin Kult 20-120,,20-120mm,
Furuset,3,Subbus 0-20,,0-20mm,
Egge,,,Forurensede masser - Inert avfall,Lett forurenset kl 2-3 Inerte,
Egge,,,Betong u/armering,Betong uten armering,
Drammen,,,Forurensede masser,Forurenset kl 2-5,
Drammen,,,Betong u/armering,Betong uten armering,
Drammen,,,Oljeforurenset masse til behandling,Forurenset kl 4-5 olje,Oljeforurenset jord til behandling
Drammen,,,Oljeforurenset masse til karantene,Oljeforurenset jord til karantene,
Drammen,,,Forurensede masser FA TOC < 5% til ordinært deponi,Ukjent,
Drammen,,,Asbest,Ukjent,
Oredalen,,,Forurensede masser,Forurenset kl 2-5,
Oredalen,,,Betong u/armering,Betong uten armering,
Oredalen,,,Betong m/armering,Betong med armering,
Oredalen,,,Pipetegl,Pipe tegl,
Oredalen,,,Forurenset jord m/uønskede arter,Ukjent,
Oredalen,,,Forurensede masser - ustabilt,Forurenset kl 4-5 olje,
Oredalen,,,Forurensede masser FA TOC < 5% til ordinært deponi,Ukjent,
Oredalen,,,Asbest,Ukjent,
Tønsberg,,,Forurensede masser,Forurenset kl 2-5,
Tønsberg,,,Betong u/armering,Betong uten armering,
Tønsberg,,,Betong m/armering,Betong med armering,
Tønsberg,,,Forurensede masser FA TOC < 5% til ordinært deponi,Ukjent,
Jølsen Miljøpark,1,,Betong under 70 cm,Betong under 700mm,
Jølsen Miljøpark,2,,Element over 70 m,Betong over 700mm,
Jølsen Miljøpark,3,,Element over 150 cm,Betong over 1500mm,
Jølsen Miljøpark,4,,Asfalt med Stein/grus,Asfaltflak med grus,
Jølsen Miljøpark,75,,Varm asfalt (balje),Ukjent,
Jølsen Miljøpark,26,0/4 Subbus fin,,0-4mm,
Jølsen Miljøpark,5,0/8 Maskinsand,,0-8mm,
Jølsen Miljøpark,18,0/20 Subbus,,0-20mm,
Jølsen Miljøpark,22,0/60 Pukk,,0-60mm,
Jølsen Miljøpark,27,2/6 Strøsingel,,2-6mm,
Jølsen Miljøpark,36,4/16 Singel,,4-16mm,
Jølsen Miljøpark,23,20/60 Pukk,,20-60mm,
Jølsen Miljøpark,7,0/120 Betongkult på forespørsel,,Ukjent,
Jølsen Miljøpark,12,0/18 Knust asfalt,,0-8mm Knust asfalt,
Lier Grustak,,0-4 mm Pussesand,,Pussesand 0-4mm,
Lier Grustak,,0-8mm Støpesand,,Støpesand 0-8mm,
Lier Grustak,,0-8mm Kabelsand,,Kabelsand natur 0-8mm,
Lier Grustak,,Uharpet grus,,Ukjent,
Lier Grustak,,8-16mm singel,,Rundsingel 8-16mm,
Lier Grustak,,30-50cm ,,Ukjent,
Lier Grustak,,50-100cm,,Ukjent,
Lier Grustak,,100-150cm,,Ukjent,
Lier Grustak,,0-4mm SUBBUS,,0-4mm,
Lier Grustak,,0-8mm SUBBUS,,0-8mm,
Lier Grustak,,4-8mm PUKK,,4-8mm,
Lier Grustak,,4-16mm PUKK,,4-16mm,
Lier Grustak,,8-16mm PUKK,,8-16mm,
Lier Grustak,,0-16mm SUBBUS,,0-16mm,
Lier Grustak,,0-32mm,,0-32mm,
Lier Grustak,,0-63mm,,0-60mm,
Lier Grustak,,16-63mm,,20-60mm,
Lier Grustak,,20/120mm,,20-120mm,
Lier Grustak,,Harpet jord,,Harpet anleggs jord,
Herstua Miljø,,,Ren betong med armering,Betong med armering,
Herstua Miljø,,,Ren betong uten armering,Betong uten armering,
Herstua Grus,,Plenjord,,Ukjent,
Herstua Grus,,Anleggsjord grov,,Ukjent,
Herstua Grus,,Harpet sand 0-4,,Ukjent,
Herstua Grus,,Uharpet sand,,Ukjent,
Herstua Grus,,Rundsingel 20-70 (natur),,Ukjent,
Herstua Grus,,Rundstein 50-120 (natur),,Elvestein 50-150mm,
Herstua Grus,,Singel 6-16 (knust morene),,Ukjent,
Herstua Grus,,Singel 4-8 (knust morene),,Ukjent,
Herstua Grus,,Subbus 0-30,,Ukjent,
Herstua Grus,,Maskinkult 20-120,,Ukjent,
Herstua Grus,,BETONG-subbus 0-30,,Ukjent,
Herstua Grus,,BETONG-kult 30-100,,Ukjent,
Herstua Grus,,,Stubber og kvist inntil 80cm,Kvist og røtter,
Herstua Grus,,,Stubber og kvist over 80cm,Stubber over 80cm,
Klokkerstua,,,Rene masser,Rene tørre masser,
"Hanekleiva, Sande",,Hage-Mix,,Hagemix,
"Hanekleiva, Sande",,Anleggs-Jord,,Harpet anleggs jord,
"Hanekleiva, Sande",,"Kompost, siktet",,Ukjent,
Larvik,,Proff-Jord,,Ukjent,
Larvik,,Park-Mix,,Park-Mix,
Larvik,,Anleggs-Jord,,Harpet anleggs jord,
Larvik,,"Kompost, siktet",,Ukjent,
Nesodden,,Hage-Mix,,Hagemix,
Nesodden,,Park-Mix,,Park-Mix,
Nesodden,,Anleggs-Jord,,Harpet anleggs jord,
Onsøy,,Hage-Mix,,Hagemix,
Onsøy,,Park-Mix,,Park-Mix,
Onsøy,,Anleggs-Jord,,Harpet anleggs jord,
Skedsmo,,Park-Mix,,Park-Mix,
Skedsmo,,Anleggs-Jord,,Harpet anleggs jord,
Steinskogen,,Hage-Mix,,Hagemix,
Steinskogen,,Park-Mix,,Park-Mix,
Steinskogen,,Anleggs-Jord,,Harpet anleggs jord,
Steinskogen,,Mineral-Jord,,Ukjent,
Steinskogen,,Moldfattig Anleggs-jord,,Moldfattig jord,
Tønsberg,,Hage-Mix,,Hagemix,
Tønsberg,,Park-Mix,,Park-Mix,
Tønsberg,,Anleggs-Jord,,Harpet anleggs jord,
Tønsberg,,Proff-Jord,,Ukjent,
Vinterbro,,Hage-Mix,,Hagemix,
Vinterbro,,Park-Mix,,Park-Mix,
Vinterbro,,Anleggs-Jord,,Harpet anleggs jord,
Yggeset,,Hage-Mix,,Hagemix,
Yggeset,,Park-Mix,,Park-Mix,
Yggeset,,Anleggs-Jord,,Harpet anleggs jord,
Vinterbro,1103,0/4 MM MASKINSAND,,0-4mm,
Steinskogen,1103,0/4 MM MASKINSAND,,0-4mm,
Lierskogen,1103,0/4 MM MASKINSAND,,0-4mm,
Bondkall,1103,0/4 MM MASKINSAND,,0-4mm,
Hanekleiva,1103,0/4 MM MASKINSAND,,0-4mm,
Steinskogen,1104,2/4 MM PUKK,,2-4mm,
Lierskogen,1105,0/8 MM SUBBUS,,0-8mm,
Bondkall,1105,0/8 MM SUBBUS,,0-8mm,
Åros,1105,0/8 MM SUBBUS,,0-8mm,
Hanekleiva,1105,0/8 MM SUBBUS,,0-8mm,
Steinskogen,1107,0/2 MM MASKINSAND,,0-2mm,
Steinskogen,1108,4/8 MM PUKK,,4-8mm,
Lierskogen,1108,4/8 MM PUKK,,4-8mm,
Hanekleiva,1108,4/8 MM PUKK,,4-8mm,
Steinskogen,1110,8/11 MM PUKK,,8-11mm,
Lierskogen,1110,8/11 MM PUKK,,8-11mm,
Hanekleiva,1110,8/11 MM PUKK,,8-11mm,
Vinterbro,1112,8/16 MM PUKK,,8-16mm,
Steinskogen,1112,8/16 MM PUKK,,8-16mm,
Åros,1112,8/16 MM PUKK,,8-16mm,
Hanekleiva,1112,8/16 MM PUKK,,8-16mm,
Steinskogen,1114,11/16 MM PUKK,,11-16mm,
Lierskogen,1114,11/16 MM PUKK,,11-16mm,
Hanekleiva,1114,11/16 MM PUKK,,11-16mm,
Steinskogen,1117,4/16 MM PUKK,,4-16mm,
Lierskogen,1117,4/16 MM PUKK,,4-16mm,
Hanekleiva,1117,4/16 MM PUKK,,4-16mm,
Vinterbro,1123,0/16 MM SUBBUS,,0-16mm,
Lierskogen,1123,0/16 MM SUBBUS,,0-16mm,
Bondkall,1123,0/16 MM SUBBUS,,0-16mm ,
Åros,1123,0/16 MM SUBBUS,,0-16mm,
Hanekleiva,1123,0/16 MM SUBBUS,,0-16mm,
Vinterbro,1125,0/32 MM SAMFENGT BÆRELAG,,0-32mm N200,
Lierskogen,1126,0/45 MM SUBBUS,,0-45mm,
Åros,1126,0/45 MM SUBBUS,,0-45mm,
Steinskogen,1128,32/63 MM PUKK,,32-63mm,
Vinterbro,1130,22/125 MM KULT N200,,22-120mm N200,
Steinskogen,1130,22/125 MM KULT N200,,22-120mm N200,
Lierskogen,1130,22/125 MM KULT N200,,22-120mm N200,
Hanekleiva,1130,22/125 MM KULT N200,,22-120mm N200,
Åros,1142,22/125 MM KULT,,20-120mm,
Vinterbro,1143,0/125 MM ,,0-125mm,
Åros,1145,SPRENGT STEIN FRA RØYS,,Sprengstein 0-500mm,Sprengstein 0-700mm
Hanekleiva,1145,SPRENGT STEIN FRA RØYS,,Sprengstein 0-500mm,Sprengstein 0-700mm
Vinterbro,1149,16/22 MM PUKK,,16-22mm,
Steinskogen,1149,16/22 MM PUKK,,16-22mm,
Åros,1155,0/32 MM SUBBUS,,0-32mm,
Hanekleiva,1155,0/32 MM SUBBUS,,0-32mm,
Lierskogen,1223,11/22 MM PUKK,,11-22mm,
Vinterbro,1226,STEINMATERIALER I SEKK/STORSEKK,,Steinmaterialer i storsekk,
Steinskogen,1226,STEINMATERIALER I SEKK/STORSEKK,,Steinmaterialer i storsekk,
Lyngås,1226,STEINMATERIALER I SEKK/STORSEKK,,Steinmaterialer i storsekk,
Bondkall,1226,STEINMATERIALER I SEKK/STORSEKK,,Steinmaterialer i storsekk,
Vinterbro,1232,16/45 MM PUKK N200,,Ukjent,
Steinskogen,1232,16/45 MM PUKK ,,16-45mm,
Lierskogen,1232,16/45 MM PUKK,,16-45mm,
Åros,1232,16/45 MM PUKK,,16-45mm,
Hanekleiva,1232,16/45 MM PUKK,,16-45mm,
Lyngås,1251,11/22 MM NATUR,,Ukjent,
Steinskogen,1278,32/63 MM BALLASTPUKK UVASKET,,32-63mm,
Lyngås,1333,STOR KULESTEIN,,Ukjent,
Lyngås,1346,LITEN KULESTEIN,,Ukjent,
Lyngås,1354,UHARPET GRUS,,Ukjent,
Lyngås,1360,0/8 MM NATUR KNUST,,Ukjent,
Lyngås,1365,0/8 MM HARPET NATUR,,Ukjent,
Vinterbro,1389,40/125 MM KULT,,40-125mm,
Vinterbro,1392,0/40 MM SUBBUS,,0-40mm,
Steinskogen,1459,0/4 MM KABELSAND,,Kabelsand knust 0-4mm,
Hanekleiva,1459,0/4 MM KABELSAND,,Kabelsand knust 0-4mm,
Hanekleiva,1465,2/5 MM PUKK,,2-5mm,
Vinterbro,1558,0/4 MM MASKINSAND,,0-4mm,
Steinskogen,1558,0/4 MM MASKINSAND,,0-4mm,
Nesodden,1558,0/4 MM MASKINSAND,,0-4mm,
Lyngås,1558,0/4 MM MASKINSAND,,0-4mm,
Bondkall,1558,0/4 MM MASKINSAND,,0-4mm,
Vinterbro,1559,0/8 MM SUBBUS,,0-8mm,
Steinskogen,1559,0/8 MM SUBBUS,,0-8mm,
Nesodden,1559,0/8 MM SUBBUS,,0-8mm,
Vinterbro,1560,0/16 MM SUBBUS,,0-16mm,
Steinskogen,1560,0/16 MM SUBBUS,,0-16mm,
Nesodden,1560,0/16 MM SUBBUS,,0-16mm ,
Lyngås,1560,0/16 MM SUBBUS,,0-16mm,
Lierskogen,1560,0/16 MM SUBBUS,,0-16mm ,
Vinterbro,1561,0/20 MM SUBBUS,,0-20mm ,
Bondkall,1561,0/20 MM SUBBUS,,0-20mm,
Steinskogen,1562,0/32 MM SUBBUS,,0-32mm,
Lyngås,1562,0/32 MM SUBBUS,,0-32mm,
Vinterbro,1564,0/45 MM SUBBUS,,0-45mm,
Nesodden,1564,0/45 MM SUBBUS,,0-45mm,
Lyngås,1564,0/45 MM SUBBUS,,0-45mm,
Bondkall,1564,0/45 MM SUBBUS,,0-45mm,
Vinterbro,1569,4/8 MM PUKK,,4-8mm,
Nesodden,1569,4/8 MM PUKK,,4-8mm,
Lyngås,1569,4/8 MM PUKK,,4-8mm,
Bondkall,1569,4/8 MM PUKK,,4-8mm,
Vinterbro,1572,8/11 MM PUKK,,8-11mm,
Vinterbro,1577,16/45 MM PUKK N200,,Ukjent,
Steinskogen,1577,16/45 MM PUKK,,16-45mm,
Nesodden,1577,16/45 MM PUKK,,16-45mm,
Lyngås,1577,16/45 MM PUKK,,16-45mm,
Bondkall,1577,16/45 MM PUKK,,16-45mm,
Vinterbro,1578,22/45 MM PUKK,,22-45mm,
Nesodden,1582,22/125 MM KULT N200,,22-120mm N200,
Vinterbro,1583,22/125 MM KULT ,,20-120mm,
Steinskogen,1583,22/125 MM KULT,,20-120mm,
Lyngås,1583,22/125 MM KULT,,20-120mm,
Lierskogen,1583,22/125 MM KULT,,20-120mm,
Bondkall,1583,22/125 MM KULT,,20-120mm,
Vinterbro,1585,4/16 MM PUKK,,4-16mm,
Steinskogen,1585,4/16 MM PUKK,,4-16mm,
Nesodden,1585,4/16 MM PUKK,,4-16mm,
Lyngås,1585,4/16 MM PUKK,,4-16mm,
Bondkall,1585,4/16 MM PUKK,,4-16mm,
Vinterbro,1586,0/300 MM FROSTSIKRING N200,,0-300mm,
Steinskogen,1586,0/300 MM FROSTSIKRING N200,,0-300mm,
Vinterbro,1587,8/16 MM PUKK,,8-16mm,
Steinskogen,1587,8/16 MM PUKK,,8-16mm,
Nesodden,1587,8/16 MM PUKK,,8-16mm,
Lyngås,1587,8/16 MM PUKK,,8-16mm,
Bondkall,1587,8/16 MM PUKK,,8-16mm,
Vinterbro,1590,SPRENGSTEIN,,Sprengstein 0-500mm,Sprengstein 0-700mm
Steinskogen,1590,SPRENGSTEIN,,Sprengstein 0-500mm,Sprengstein 0-700mm
Nesodden,1590,SPRENGSTEIN,,Sprengstein 0-500mm,Sprengstein 0-700mm
Lyngås,1590,SPRENGSTEIN,,Sprengstein 0-500mm,Sprengstein 0-700mm
Lierskogen,1590,SPRENGSTEIN,,Sprengstein 0-500mm,Sprengstein 0-700mm
Bondkall,1590,SPRENGSTEIN,,Sprengstein 0-500mm,Sprengstein 0-700mm
Lierskogen,1591,0/80 MM SUBBUS,,Ukjent,
Vinterbro,8036,,MOTTAK SPRENGSTEIN > 700 MM,Sprengstein >700mm,
Steinskogen,8036,,MOTTAK SPRENGSTEIN > 700 MM,Sprengstein >700mm,
Nesodden,8036,,MOTTAK SPRENGSTEIN > 700 MM,Sprengstein >700mm,
Lyngås,8036,,MOTTAK SPRENGSTEIN > 700 MM,Sprengstein >700mm,
Lierskogen,8036,,MOTTAK SPRENGSTEIN > 700 MM,Sprengstein >700mm,
Bondkall,8036,,MOTTAK SPRENGSTEIN > 700 MM,Sprengstein >700mm,
Hanekleiva,8036,,MOTTAK SPRENGSTEIN > 700 MM,Sprengstein >700mm,
Vinterbro,8037,,MOTTAK SPRENGSTEIN < 700 MM,Sprengstein,
Steinskogen,8037,,MOTTAK SPRENGSTEIN < 700 MM,Sprengstein,
Nesodden,8037,,MOTTAK SPRENGSTEIN < 700 MM,Sprengstein,
Lyngås,8037,,MOTTAK SPRENGSTEIN < 700 MM,Sprengstein,
Lierskogen,8037,,MOTTAK SPRENGSTEIN < 700 MM,Sprengstein,
Bondkall,8037,,MOTTAK SPRENGSTEIN < 700 MM,Sprengstein,
Hanekleiva,8037,,MOTTAK SPRENGSTEIN < 700 MM,Sprengstein,
Vinterbro,8101,,MOTTAK ASFALT,Asfaltflak,
Steinskogen,8101,,MOTTAK ASFALT,Asfaltflak,
Lyngås,8101,,MOTTAK ASFALT,Asfaltflak,
Bondkall,8101,,MOTTAK ASFALT,Asfaltflak,
Hanekleiva,8101,,MOTTAK ASFALT,Asfaltflak,
Steinskogen,8102,,ASFALT FERSK FRA VERK/VEG,Ukjent,
Steinskogen,8200,0/11 MM KNUST ASFALT,,0-11mm Knust asfalt,
Lyngås,8200,0/11 MM KNUST ASFALT,,0-11mm Knust asfalt,
Bondkall,8200,0/11 MM KNUST ASFALT,,0-11mm Knust asfalt,
Vinterbro,8201,0/16 MM KNUST ASFALT,,0-16mm Knust asfalt,
Fossens eftf AS,11,Støpesand 0/8 CE-godkjent,,Støpesand 0-8mm,
Fossens eftf AS,12,Hagesingel 8/16 CE-godkjent,,Rundsingel 8-16mm,
Fossens eftf AS,77,Kabelgrus,,Kabelsand natur 0-4mm,
Lørenskog,63120,Maskinkult 63/125 mm,,63-120mm,
Lørenskog,63120,Maskinkult 63/125 mm,,63-120mm,
Bjønndalen,63120,Maskinkult 63/125 mm,,63-120mm,
Hadeland,63120,Maskinkult 63/125 mm,,63-120mm,
Lørenskog,8,Maskinsand 0/8 mm,,0-8mm,
Dal,63120,Maskinkult 63/125 mm,,63-120mm,
Grefsrud,63120,Maskinkult 63/125 mm,,63-120mm,
Hjera,63120,Maskinkult 63/125 mm,,63-120mm,
Fet,63120,Maskinkult 63/125 mm,,63-120mm,
Armoen,63120,Maskinkult 63/125 mm,,63-120mm,
Heier,63120,Maskinkult 63/125 mm,,63-120mm,
Hobøl,63120,Maskinkult 63/125 mm,,63-120mm,
Lørenskog,20022,Pukk 0/22 mm N200,,0-22mm N200,
Lørenskog,1622,Pukk 16/22 mm,,16-22mm,
Bjønndalen,1622,Pukk 16/22 mm,,16-22mm,
Hadeland,1622,Pukk 16/22 mm,,16-22mm,
Lørenskog,32,Pukk 0/32 mm,,0-32mm,
Lørenskog,20032,Pukk 0/32 mm N200,,0-32mm N200,
Dal,1622,Pukk 16/22 mm,,16-22mm,
Grefsrud,1622,Pukk 16/22 mm,,16-22mm,
Hjera,1622,Pukk 16/22 mm,,16-22mm,
Lørenskog,56,Pukk 0/56 mm,,0-56mm,
Lørenskog,56,Pukk 0/56 mm,,0-56mm,
Lørenskog,56,Pukk 0/56 mm,,0-56mm,
Lørenskog,63,Pukk 0/63 mm,,0-60mm,
Lørenskog,63,Pukk 0/63 mm,,0-60mm,
Lørenskog,63,Pukk 0/63 mm,,0-60mm,
Lørenskog,20063,Pukk 0/63 mm N200,,0-63mm N200,
Fet,1622,Pukk 16/22 mm,,16-22mm,
Lørenskog,20090,Pukk 0/90 mm N200,,Ukjent,
Lørenskog,101,Anleggsjord,,Harpet anleggs jord,
Armoen,1622,Pukk 16/22 mm,,16-22mm,
Heier,1622,Pukk 16/22 mm,,16-22mm,
Lørenskog,150,Maskinkult 0/150,,0-150mm,
Lørenskog,200125,Maskinkult 0/125 mm N200,,0-125mm N200,
Lørenskog,202,Kabelsand (Vasket 0/4),,Kabelsand knust 0-4mm,
Hobøl,1622,Pukk 16/22 mm,,16-22mm,
Lørenskog,16221,Pukk 16/22 mm - vasket,,Ukjent,
Bjønndalen,16221,Pukk 16/22 mm - vasket,,Ukjent,
Lørenskog,250,Maskinkult 0/250 mm,,0-250mm,
Hadeland,16221,Pukk 16/22 mm - vasket,,Ukjent,
Dal,16221,Pukk 16/22 mm - vasket,,Ukjent,
Lørenskog,401,Byggbar lekesand 0/4 mm,,Byggbar lekesand 0-4mm,
Grefsrud,16221,Pukk 16/22 mm - vasket,,Ukjent,
Hjera,16221,Pukk 16/22 mm - vasket,,Ukjent,
Fet,16221,Pukk 16/22 mm - vasket,,Ukjent,
Lørenskog,416,Grøftepukk 4/16 mm,,4-16mm,
Armoen,16221,Pukk 16/22 mm - vasket,,Ukjent,
Heier,16221,Pukk 16/22 mm - vasket,,Ukjent,
Lørenskog,508,Drenerende maskinsand (0/8 + 4/8 mm),,Ukjent,
Hobøl,16221,Pukk 16/22 mm - vasket,,Ukjent,
Lørenskog,1632,Pukk 16/32 mm,,16-32mm,
Bjønndalen,1632,Pukk 16/32 mm,,16-32mm,
Hadeland,1632,Pukk 16/32 mm,,16-32mm,
Dal,1632,Pukk 16/32 mm,,16-32mm,
Lørenskog,1116,Pukk 11/16 mm,,11-16mm,
Lørenskog,11161,Pukk 11/16 mm - vasket,,Ukjent,
Lørenskog,1222,Dekorstein / Rundsingel 12/22 mm,,Rundsingel 12-22mm,
Lørenskog,1296,Kulestein 22/50 mm,,Ukejnt,
Lørenskog,1297,Dekorstein 40/90 mm,,Elvestein 40-90mm,
Lørenskog,1298,Dekorstein 90/300 mm,,Elvestein 90-300mm,
Lørenskog,1299,Dekorstein/rundkamp +300 mm,,Elvestein 300+,
Grefsrud,1632,Pukk 16/32 mm,,16-32mm,
Hjera,1632,Pukk 16/32 mm,,16-32mm,
Fet,1632,Pukk 16/32 mm,,16-32mm,
Armoen,1632,Pukk 16/32 mm,,16-32mm,
Heier,1632,Pukk 16/32 mm,,16-32mm,
Hobøl,1632,Pukk 16/32 mm,,16-32mm,
Lørenskog,211,Pukk 2/11 mm,,2-11mm,
Bjønndalen,211,Pukk 2/11 mm,,2-11mm,
Hadeland,211,Pukk 2/11 mm,,2-11mm,
Dal,211,Pukk 2/11 mm,,2-11mm,
Lørenskog,22120,Maskinkult 22/125 mm N200,,22-120mm N200,
Lørenskog,22250,Maskinkult 22/250 mm,,20-250mm,
Grefsrud,211,Pukk 2/11 mm,,2-11mm,
Hjera,211,Pukk 2/11 mm,,2-11mm,
Lørenskog,88877,"Asfalt knust, Ak 0/16 mm
Gjenbruksasfalt",,0-16mm Knust asfalt,
Fet,211,Pukk 2/11 mm,,2-11mm,
Armoen,211,Pukk 2/11 mm,,2-11mm,
Lørenskog,221201,Maskinkult  22/125 mm - vasket,,Ukjent,
Heier,211,Pukk 2/11 mm,,2-11mm,
Hobøl,211,Pukk 2/11 mm,,2-11mm,
Lørenskog,2232,Pukk 22/32 mm,,22-32mm,
Bjønndalen,2232,Pukk 22/32 mm,,22-32mm,
Hadeland,2232,Pukk 22/32 mm,,22-32mm,
Dal,2232,Pukk 22/32 mm,,22-32mm,
Lørenskog,9922125,Maskinkult 22/125 mm - resirkulert,,20-120mm resirkulert,
Lørenskog,9922125,Maskinkult 22/125 mm - resirkulert,,20-120mm resirkulert,
Lørenskog,9922125,Maskinkult 22/125 mm - resirkulert,,20-120mm resirkulert,
Grefsrud,2232,Pukk 22/32 mm,,22-32mm,
Lørenskog,9999250,Maskinkult 0/250 mm - resirkulert,,0-250mm resirkulert,
Hjera,2232,Pukk 22/32 mm,,22-32mm,
Fet,2232,Pukk 22/32 mm,,22-32mm,
Armoen,2232,Pukk 22/32 mm,,22-32mm,
Heier,2232,Pukk 22/32 mm,,22-32mm,
Bjønndalen,8,Maskinsand 0/8 mm,,0-8mm,
Hobøl,2232,Pukk 22/32 mm,,22-32mm,
Lørenskog,2263,Pukk 22/63 mm,,20-60mm,
Bjønndalen,2263,Pukk 22/63 mm,,20-60mm,
Hadeland,2263,Pukk 22/63 mm,,20-60mm,
Bjønndalen,20022,Pukk 0/22 mm N200,,0-22mm N200,
Dal,2263,Pukk 22/63 mm,,20-60mm,
Grefsrud,2263,Pukk 22/63 mm,,20-60mm,
Bjønndalen,32,Pukk 0/32 mm,,0-32mm,
Bjønndalen,20032,Pukk 0/32 mm N200,,0-32mm N200,
Hjera,2263,Pukk 22/63 mm,,20-60mm,
Bjønndalen,56,Pukk 0/56 mm,,0-56mm,
Bjønndalen,56,Pukk 0/56 mm,,0-56mm,
Bjønndalen,56,Pukk 0/56 mm,,0-56mm,
Bjønndalen,63,Pukk 0/63 mm,,0-60mm,
Bjønndalen,63,Pukk 0/63 mm,,0-60mm,
Bjønndalen,63,Pukk 0/63 mm,,0-60mm,
Bjønndalen,20063,Pukk 0/63 mm N200,,0-63mm N200,
Fet,2263,Pukk 22/63 mm,,20-60mm,
Bjønndalen,20090,Pukk 0/90 mm N200,,Ukjent,
Bjønndalen,101,Anleggsjord,,Harpet anleggs jord,
Armoen,2263,Pukk 22/63 mm,,20-60mm,
Bjønndalen,150,Maskinkult 0/150,,0-150mm,
Bjønndalen,200125,Maskinkult 0/125 mm N200,,0-125mm N200,
Bjønndalen,202,Kabelsand (Vasket 0/4),,Kabelsand knust 0-4mm,
Heier,2263,Pukk 22/63 mm,,20-60mm,
Bjønndalen,250,Maskinkult 0/250 mm,,0-250mm,
Hobøl,2263,Pukk 22/63 mm,,20-60mm,
Bjønndalen,401,Byggbar lekesand 0/4 mm,,Byggbar lekesand 0-4mm,
Lørenskog,9992263,"Pukk 22/63 mm - resirkulert
(Er nærmere 22/56 eller 16/45 mm)",,20-60mm resirkulert,
Lørenskog,9992263,"Pukk 22/63 mm - resirkulert
(Er nærmere 22/56 eller 16/45 mm)",,20-60mm resirkulert,
Bjønndalen,9992263,"Pukk 22/63 mm - resirkulert
(Er nærmere 22/56 eller 16/45 mm)",,20-60mm resirkulert,
Bjønndalen,416,Grøftepukk 4/16 mm,,4-16mm,
Hadeland,9992263,"Pukk 22/63 mm - resirkulert
(Er nærmere 22/56 eller 16/45 mm)",,20-60mm resirkulert,
Dal,9992263,"Pukk 22/63 mm - resirkulert
(Er nærmere 22/56 eller 16/45 mm)",,20-60mm resirkulert,
Bjønndalen,508,Drenerende maskinsand (0/8 + 4/8 mm),,0-8mm Drenerende,
Grefsrud,9992263,"Pukk 22/63 mm - resirkulert
(Er nærmere 22/56 eller 16/45 mm)",,20-60mm resirkulert,
Hjera,9992263,"Pukk 22/63 mm - resirkulert
(Er nærmere 22/56 eller 16/45 mm)",,20-60mm resirkulert,
Fet,9992263,"Pukk 22/63 mm - resirkulert
(Er nærmere 22/56 eller 16/45 mm)",,20-60mm resirkulert,
Armoen,9992263,"Pukk 22/63 mm - resirkulert
(Er nærmere 22/56 eller 16/45 mm)",,20-60mm resirkulert,
Heier,9992263,"Pukk 22/63 mm - resirkulert
(Er nærmere 22/56 eller 16/45 mm)",,20-60mm resirkulert,
Bjønndalen,1116,Pukk 11/16 mm,,11-16mm,
Bjønndalen,11161,Pukk 11/16 mm - vasket,,Ukjent,
Bjønndalen,1222,Dekorstein / Rundsingel 12/22 mm,,Rundsingel 12-22mm,
Bjønndalen,1296,Kulestein 22/50 mm,,Ukejnt,
Bjønndalen,1297,Dekorstein 40/90 mm,,Elvestein 40-90mm,
Bjønndalen,1298,Dekorstein 90/300 mm,,Elvestein 90-300mm,
Bjønndalen,1299,Dekorstein/rundkamp +300 mm,,Elvestein 300+,
Hobøl,9992263,"Pukk 22/63 mm - resirkulert
(Er nærmere 22/56 eller 16/45 mm)",,20-60mm resirkulert,
Lørenskog,3263,Pukk 32/63 mm ballastpukk,,"31,5-63mm Vasket Ballast",
Bjønndalen,3263,Pukk 32/63 mm ballastpukk,,"31,5-63mm Vasket Ballast",
Hadeland,3263,Pukk 32/63 mm ballastpukk,,"31,5-63mm Vasket Ballast",
Dal,3263,Pukk 32/63 mm ballastpukk,,"31,5-63mm Vasket Ballast",
Grefsrud,3263,Pukk 32/63 mm ballastpukk,,"31,5-63mm Vasket Ballast",
Hjera,3263,Pukk 32/63 mm ballastpukk,,"31,5-63mm Vasket Ballast",
Fet,3263,Pukk 32/63 mm ballastpukk,,"31,5-63mm Vasket Ballast",
Bjønndalen,22120,Maskinkult 22/125 mm N200,,22-120mm N200,
Bjønndalen,22250,Maskinkult 22/250 mm,,20-250mm,
Armoen,3263,Pukk 32/63 mm ballastpukk,,"31,5-63mm Vasket Ballast",
Bjønndalen,88877,"Asfalt knust, Ak 0/16 mm
Gjenbruksasfalt",,0-16mm Knust asfalt,
Heier,3263,Pukk 32/63 mm ballastpukk,,"31,5-63mm Vasket Ballast",
Hobøl,3263,Pukk 32/63 mm ballastpukk,,"31,5-63mm Vasket Ballast",
Bjønndalen,221201,Maskinkult  22/125 mm - vasket,,Ukjent,
Lørenskog,432,Pukk 4/32 mm,,4-32mm,
Bjønndalen,432,Pukk 4/32 mm,,4-32mm,
Hadeland,432,Pukk 4/32 mm,,4-32mm,
Bjønndalen,9922125,Maskinkult 22/125 mm - resirkulert,,20-120mm resirkulert,
Dal,432,Pukk 4/32 mm,,4-32mm,
Bjønndalen,9999250,Maskinkult 0/250 mm - resirkulert,,0-250mm resirkulert,
Grefsrud,432,Pukk 4/32 mm,,4-32mm,
Hjera,432,Pukk 4/32 mm,,4-32mm,
Fet,432,Pukk 4/32 mm,,4-32mm,
Armoen,432,Pukk 4/32 mm,,4-32mm,
Hadeland,8,Maskinsand 0/8 mm,,0-8mm,
Heier,432,Pukk 4/32 mm,,4-32mm,
Hobøl,432,Pukk 4/32 mm,,4-32mm,
Lørenskog,463,Pukk 4/63 mm,,4-63mm,
Hadeland,20022,Pukk 0/22 mm N200,,0-22mm N200,
Bjønndalen,463,Pukk 4/63 mm,,4-63mm,
Hadeland,463,Pukk 4/63 mm,,4-63mm,
Dal,463,Pukk 4/63 mm,,4-63mm,
Hadeland,32,Pukk 0/32 mm,,0-32mm,
Hadeland,20032,Pukk 0/32 mm N200,,0-32mm N200,
Grefsrud,463,Pukk 4/63 mm,,4-63mm,
Hjera,463,Pukk 4/63 mm,,4-63mm,
Fet,463,Pukk 4/63 mm,,4-63mm,
Hadeland,56,Pukk 0/56 mm,,0-56mm,
Hadeland,63,Pukk 0/63 mm,,0-60mm,
Hadeland,20063,Pukk 0/63 mm N200,,0-63mm N200,
Armoen,463,Pukk 4/63 mm,,4-63mm,
Hadeland,20090,Pukk 0/90 mm N200,,Ukjent,
Hadeland,101,Anleggsjord,,Harpet anleggs jord,
Heier,463,Pukk 4/63 mm,,4-63mm,
Hobøl,463,Pukk 4/63 mm,,4-63mm,
Hadeland,150,Maskinkult 0/150,,0-150mm,
Hadeland,200125,Maskinkult 0/125 mm N200,,0-125mm N200,
Hadeland,202,Kabelsand (Vasket 0/4),,Kabelsand knust 0-4mm,
Lørenskog,48,Pukk 4/8 mm,,4-8mm,
Bjønndalen,48,Pukk 4/8 mm,,4-8mm,
Hadeland,48,Pukk 4/8 mm,,4-8mm,
Hadeland,250,Maskinkult 0/250 mm,,0-250mm,
Dal,48,Pukk 4/8 mm,,4-8mm,
Grefsrud,48,Pukk 4/8 mm,,4-8mm,
Hadeland,401,Byggbar lekesand 0/4 mm,,Byggbar lekesand 0-4mm,
Hjera,48,Pukk 4/8 mm,,4-8mm,
Fet,48,Pukk 4/8 mm,,4-8mm,
Armoen,48,Pukk 4/8 mm,,4-8mm,
Hadeland,416,Grøftepukk 4/16 mm,,4-16mm,
Heier,48,Pukk 4/8 mm,,4-8mm,
Hobøl,48,Pukk 4/8 mm,,4-8mm,
Hadeland,508,Drenerende maskinsand (0/8 + 4/8 mm),,Ukjent,
Lørenskog,481,Pukk 4/8 mm - vasket,,4-8mm vasket,
Bjønndalen,481,Pukk 4/8 mm - vasket,,4-8mm vasket,
Hadeland,481,Pukk 4/8 mm - vasket,,4-8mm vasket,
Dal,481,Pukk 4/8 mm - vasket,,4-8mm vasket,
Grefsrud,481,Pukk 4/8 mm - vasket,,4-8mm vasket,
Hadeland,1116,Pukk 11/16 mm,,11-16mm,
Hadeland,11161,Pukk 11/16 mm - vasket,,Ukjent,
Hadeland,1222,Dekorstein / Rundsingel 12/22 mm,,Rundsingel 12-22mm,
Hadeland,1296,Kulestein 22/50 mm,,Ukejnt,
Hadeland,1297,Dekorstein 40/90 mm,,Elvestein 40-90mm,
Hadeland,1298,Dekorstein 90/300 mm,,Elvestein 90-300mm,
Hadeland,1299,Dekorstein/rundkamp +300 mm,,Elvestein 300+,
Hjera,481,Pukk 4/8 mm - vasket,,4-8mm vasket,
Fet,481,Pukk 4/8 mm - vasket,,4-8mm vasket,
Armoen,481,Pukk 4/8 mm - vasket,,4-8mm vasket,
Heier,481,Pukk 4/8 mm - vasket,,4-8mm vasket,
Hobøl,481,Pukk 4/8 mm - vasket,,4-8mm vasket,
Lørenskog,811,Pukk 8/11 mm,,8-11mm,
Bjønndalen,811,Pukk 8/11 mm,,8-11mm,
Hadeland,811,Pukk 8/11 mm,,8-11mm,
Dal,811,Pukk 8/11 mm,,8-11mm,
Hadeland,22120,Maskinkult 22/125 mm N200,,22-120mm N200,
Hadeland,22250,Maskinkult 22/250 mm,,20-250mm,
Grefsrud,811,Pukk 8/11 mm,,8-11mm,
Hadeland,88877,"Asfalt knust, Ak 0/16 mm
Gjenbruksasfalt",,0-16mm Knust asfalt,
Hjera,811,Pukk 8/11 mm,,8-11mm,
Fet,811,Pukk 8/11 mm,,8-11mm,
Hadeland,221201,Maskinkult  22/125 mm - vasket,,Ukjent,
Armoen,811,Pukk 8/11 mm,,8-11mm,
Heier,811,Pukk 8/11 mm,,8-11mm,
Hobøl,811,Pukk 8/11 mm,,8-11mm,
Hadeland,9922125,Maskinkult 22/125 mm - resirkulert,,20-120mm resirkulert,
Lørenskog,8111,Pukk 8/11 mm - vasket,,8-11mm vasket,
Hadeland,9999250,Maskinkult 0/250 mm - resirkulert,,0-250mm resirkulert,
Bjønndalen,8111,Pukk 8/11 mm - vasket,,8-11mm vasket,
Hadeland,8111,Pukk 8/11 mm - vasket,,8-11mm vasket,
Dal,8111,Pukk 8/11 mm - vasket,,8-11mm vasket,
Grefsrud,8111,Pukk 8/11 mm - vasket,,8-11mm vasket,
Dal,8,Maskinsand 0/8 mm,,0-8mm,
Hjera,8111,Pukk 8/11 mm - vasket,,8-11mm vasket,
Fet,8111,Pukk 8/11 mm - vasket,,8-11mm vasket,
Armoen,8111,Pukk 8/11 mm - vasket,,8-11mm vasket,
Dal,20022,Pukk 0/22 mm N200,,0-22mm N200,
Heier,8111,Pukk 8/11 mm - vasket,,8-11mm vasket,
Hobøl,8111,Pukk 8/11 mm - vasket,,8-11mm vasket,
Lørenskog,816,Pukk 8/16 mm,,8-16mm,
Dal,32,Pukk 0/32 mm,,0-32mm,
Dal,20032,Pukk 0/32 mm N200,,0-32mm N200,
Bjønndalen,816,Pukk 8/16 mm,,8-16mm,
Hadeland,816,Pukk 8/16 mm,,8-16mm,
Dal,816,Pukk 8/16 mm,,8-16mm,
Dal,56,Pukk 0/56 mm,,0-56mm,
Dal,63,Pukk 0/63 mm,,0-60mm,
Dal,20063,Pukk 0/63 mm N200,,0-63mm N200,
Grefsrud,816,Pukk 8/16 mm,,8-16mm,
Dal,20090,Pukk 0/90 mm N200,,Ukjent,
Dal,101,Anleggsjord,,Harpet anleggs jord,
Hjera,816,Pukk 8/16 mm,,8-16mm,
Fet,816,Pukk 8/16 mm,,8-16mm,
Dal,150,Maskinkult 0/150,,0-150mm,
Dal,200125,Maskinkult 0/125 mm N200,,0-125mm N200,
Dal,202,Kabelsand (Vasket 0/4),,Kabelsand knust 0-4mm,
Armoen,816,Pukk 8/16 mm,,8-16mm,
Heier,816,Pukk 8/16 mm,,8-16mm,
Hobøl,816,Pukk 8/16 mm,,8-16mm,
Dal,250,Maskinkult 0/250 mm,,0-250mm,
Lørenskog,832,Pukk 8/32 mm,,8-32mm,
Bjønndalen,832,Pukk 8/32 mm,,8-32mm,
Dal,401,Byggbar lekesand 0/4 mm,,Byggbar lekesand 0-4mm,
Hadeland,832,Pukk 8/32 mm,,8-32mm,
Dal,832,Pukk 8/32 mm,,8-32mm,
Grefsrud,832,Pukk 8/32 mm,,8-32mm,
Dal,416,Grøftepukk 4/16 mm,,4-16mm,
Hjera,832,Pukk 8/32 mm,,8-32mm,
Fet,832,Pukk 8/32 mm,,8-32mm,
Dal,508,Drenerende maskinsand (0/8 + 4/8 mm),,Ukjent,
Armoen,832,Pukk 8/32 mm,,8-32mm,
Heier,832,Pukk 8/32 mm,,8-32mm,
Hobøl,832,Pukk 8/32 mm,,8-32mm,
Lørenskog,16321,Pukk vasket 16/32 mm miljø,,Ukjent,
Bjønndalen,16321,Pukk vasket 16/32 mm miljø,,Ukjent,
Dal,1116,Pukk 11/16 mm,,11-16mm,
Dal,11161,Pukk 11/16 mm - vasket,,Ukjent,
Dal,1222,Dekorstein / Rundsingel 12/22 mm,,Rundsingel 12-22mm,
Dal,1296,Kulestein 22/50 mm,,Ukejnt,
Dal,1297,Dekorstein 40/90 mm,,Elvestein 40-90mm,
Dal,1298,Dekorstein 90/300 mm,,Elvestein 90-300mm,
Dal,1299,Dekorstein/rundkamp +300 mm,,Elvestein 300+,
Hadeland,16321,Pukk vasket 16/32 mm miljø,,Ukjent,
Dal,16321,Pukk vasket 16/32 mm miljø,,Ukjent,
Grefsrud,16321,Pukk vasket 16/32 mm miljø,,Ukjent,
Hjera,16321,Pukk vasket 16/32 mm miljø,,Ukjent,
Fet,16321,Pukk vasket 16/32 mm miljø,,Ukjent,
Armoen,16321,Pukk vasket 16/32 mm miljø,,Ukjent,
Heier,16321,Pukk vasket 16/32 mm miljø,,Ukjent,
Hobøl,16321,Pukk vasket 16/32 mm miljø,,Ukjent,
Lørenskog,204,Pussesand 0/4 mm,,Pussesand 0-4mm ,
Dal,22120,Maskinkult 22/125 mm N200,,22-120mm N200,
Dal,22250,Maskinkult 22/250 mm,,20-250mm,
Bjønndalen,204,Pussesand 0/4 mm,,Pussesand 0-4mm ,
Dal,88877,"Asfalt knust, Ak 0/16 mm
Gjenbruksasfalt",,0-16mm Knust asfalt,
Hadeland,204,Pussesand 0/4 mm,,Pussesand 0-4mm ,
Dal,204,Pussesand 0/4 mm,,Pussesand 0-4mm ,
Dal,221201,Maskinkult  22/125 mm - vasket,,Ukjent,
Grefsrud,204,Pussesand 0/4 mm,,Pussesand 0-4mm ,
Hjera,204,Pussesand 0/4 mm,,Pussesand 0-4mm ,
Fet,204,Pussesand 0/4 mm,,Pussesand 0-4mm ,
Dal,9922125,Maskinkult 22/125 mm - resirkulert,,20-120mm resirkulert,
Armoen,204,Pussesand 0/4 mm,,Pussesand 0-4mm ,
Dal,9999250,Maskinkult 0/250 mm - resirkulert,,0-250mm resirkulert,
Heier,204,Pussesand 0/4 mm,,Pussesand 0-4mm ,
Hobøl,204,Pussesand 0/4 mm,,Pussesand 0-4mm ,
Lørenskog,1109,Saltblandet strøsand 0/6 mm,,Ukjent,
Bjønndalen,1109,Saltblandet strøsand 0/6 mm,,Ukjent,
Grefsrud,8,Maskinsand 0/8 mm,,0-8mm,
Hadeland,1109,Saltblandet strøsand 0/6 mm,,Ukjent,
Dal,1109,Saltblandet strøsand 0/6 mm,,Ukjent,
Grefsrud,1109,Saltblandet strøsand 0/6 mm,,Ukjent,
Grefsrud,20022,Pukk 0/22 mm N200,,0-22mm N200,
Hjera,1109,Saltblandet strøsand 0/6 mm,,Ukjent,
Fet,1109,Saltblandet strøsand 0/6 mm,,Ukjent,
Armoen,1109,Saltblandet strøsand 0/6 mm,,Ukjent,
Grefsrud,32,Pukk 0/32 mm,,0-32mm,
Grefsrud,20032,Pukk 0/32 mm N200,,0-32mm N200,
Heier,1109,Saltblandet strøsand 0/6 mm,,Ukjent,
Hobøl,1109,Saltblandet strøsand 0/6 mm,,Ukjent,
Lørenskog,103,Sams masse uharpet,,Ukjent,
Grefsrud,56,Pukk 0/56 mm,,0-56mm,
Grefsrud,63,Pukk 0/63 mm,,0-60mm,
Grefsrud,20063,Pukk 0/63 mm N200,,0-63mm N200,
Bjønndalen,103,Sams masse uharpet,,Ukjent,
Grefsrud,20090,Pukk 0/90 mm N200,,Ukjent,
Grefsrud,101,Anleggsjord,,Harpet anleggs jord,
Hadeland,103,Sams masse uharpet,,Ukjent,
Dal,103,Sams masse uharpet,,Ukjent,
Grefsrud,150,Maskinkult 0/150,,0-150mm,
Grefsrud,200125,Maskinkult 0/125 mm N200,,0-125mm N200,
Grefsrud,202,Kabelsand (Vasket 0/4),,Kabelsand knust 0-4mm,
Grefsrud,103,Sams masse uharpet,,Uharpet Sand,
Hjera,103,Sams masse uharpet,,Ukjent,
Fet,103,Sams masse uharpet,,Ukjent,
Grefsrud,250,Maskinkult 0/250 mm,,0-250mm,
Armoen,103,Sams masse uharpet,,Uharpet Sand,
Heier,103,Sams masse uharpet,,Ukjent,
Grefsrud,401,Byggbar lekesand 0/4 mm,,Byggbar lekesand 0-4mm,
Hobøl,103,Sams masse uharpet,,Ukjent,
Lørenskog,410,Singel natur knust 4/11 mm,,Ukjent,
Bjønndalen,410,Singel natur knust 4/11 mm,,Ukjent,
Grefsrud,416,Grøftepukk 4/16 mm,,4-16mm,
Hadeland,410,Singel natur knust 4/11 mm,,Ukjent,
Dal,410,Singel natur knust 4/11 mm,,Ukjent,
Grefsrud,508,Drenerende maskinsand (0/8 + 4/8 mm),,Ukjent,
Grefsrud,410,Singel natur knust 4/11 mm,,Ukjent,
Hjera,410,Singel natur knust 4/11 mm,,Ukjent,
Fet,410,Singel natur knust 4/11 mm,,Ukjent,
Armoen,410,Singel natur knust 4/11 mm,,Ukjent,
Heier,410,Singel natur knust 4/11 mm,,Ukjent,
Grefsrud,1116,Pukk 11/16 mm,,11-16mm,
Grefsrud,11161,Pukk 11/16 mm - vasket,,Ukjent,
Grefsrud,1222,Dekorstein / Rundsingel 12/22 mm,,Rundsingel 12-22mm,
Grefsrud,1296,Kulestein 22/50 mm,,Elvestein 22-50mm,
Grefsrud,1297,Dekorstein 40/90 mm,,Elvestein 40-90mm,
Grefsrud,1298,Dekorstein 90/300 mm,,Elvestein 90-300mm,
Grefsrud,1299,Dekorstein/rundkamp +300 mm,,Elvestein 300+,
Hobøl,410,Singel natur knust 4/11 mm,,Ukjent,
Lørenskog,102,Sprengstein usortert,,Sprengstein 0-700mm,
Bjønndalen,102,Sprengstein usortert,,Sprengstein 0-700mm,
Hadeland,102,Sprengstein usortert,,Sprengstein 0-700mm,
Dal,102,Sprengstein usortert,,Sprengstein 0-700mm,
Grefsrud,102,Sprengstein usortert,,Sprengstein 0-700mm,
Hjera,102,Sprengstein usortert,,Sprengstein 0-700mm,
Fet,102,Sprengstein usortert,,Sprengstein 0-700mm,
Armoen,102,Sprengstein usortert,,Sprengstein 0-700mm,
Grefsrud,22120,Maskinkult 22/125 mm N200,,22-120mm N200,
Grefsrud,22250,Maskinkult 22/250 mm,,20-250mm,
Heier,102,Sprengstein usortert,,Sprengstein 0-700mm,
Grefsrud,88877,"Asfalt knust, Ak 0/16 mm
Gjenbruksasfalt",,0-16mm Knust asfalt,
Hobøl,102,Sprengstein usortert,,Sprengstein 0-700mm,
Lørenskog,9999102,Sprengstein usortert - resirkulert,,Sprengstein 0-700mm resirkulert,
Grefsrud,221201,Maskinkult  22/125 mm - vasket,,Ukjent,
Bjønndalen,9999102,Sprengstein usortert - resirkulert,,Sprengstein 0-700mm resirkulert,
Hadeland,9999102,Sprengstein usortert - resirkulert,,Sprengstein 0-700mm resirkulert,
Dal,9999102,Sprengstein usortert - resirkulert,,Sprengstein 0-700mm resirkulert,
Grefsrud,9922125,Maskinkult 22/125 mm - resirkulert,,20-120mm resirkulert,
Grefsrud,9999102,Sprengstein usortert - resirkulert,,Sprengstein 0-700mm resirkulert,
Grefsrud,9999250,Maskinkult 0/250 mm - resirkulert,,0-250mm resirkulert,
Hjera,9999102,Sprengstein usortert - resirkulert,,Sprengstein 0-700mm resirkulert,
Fet,9999102,Sprengstein usortert - resirkulert,,Sprengstein 0-700mm resirkulert,
Armoen,9999102,Sprengstein usortert - resirkulert,,Sprengstein 0-700mm resirkulert,
Heier,9999102,Sprengstein usortert - resirkulert,,Sprengstein 0-700mm resirkulert,
Hjera,8,Maskinsand 0/8 mm,,0-8mm,
Hobøl,9999102,Sprengstein usortert - resirkulert,,Sprengstein 0-700mm resirkulert,
Lørenskog,2,Stensand 0/2 mm,,0-2mm,
Bjønndalen,2,Stensand 0/2 mm,,0-2mm,
Hjera,20022,Pukk 0/22 mm N200,,0-22mm N200,
Hadeland,2,Stensand 0/2 mm,,0-2mm,
Dal,2,Stensand 0/2 mm,,0-2mm,
Grefsrud,2,Stensand 0/2 mm,,0-2mm,
Hjera,32,Pukk 0/32 mm,,0-32mm,
Hjera,20032,Pukk 0/32 mm N200,,0-32mm N200,
Hjera,2,Stensand 0/2 mm,,0-2mm,
Fet,2,Stensand 0/2 mm,,0-2mm,
Armoen,2,Stensand 0/2 mm,,0-2mm,
Hjera,56,Pukk 0/56 mm,,0-56mm,
Hjera,63,Pukk 0/63 mm,,0-60mm,
Hjera,20063,Pukk 0/63 mm N200,,0-63mm N200,
Heier,2,Stensand 0/2 mm,,0-2mm,
Hjera,20090,Pukk 0/90 mm N200,,Ukjent,
Hjera,101,Anleggsjord,,Harpet anleggs jord,
Hobøl,2,Stensand 0/2 mm,,0-2mm,
Lørenskog,41,Stensand 0/4 - vasket,,0-4mm vasket,
Hjera,150,Maskinkult 0/150,,0-150mm,
Hjera,200125,Maskinkult 0/125 mm N200,,0-125mm N200,
Hjera,202,Kabelsand (Vasket 0/4),,Kabelsand knust 0-4mm,
Bjønndalen,41,Stensand 0/4 - vasket,,0-4mm vasket,
Hadeland,41,Stensand 0/4 - vasket,,0-4mm vasket,
Dal,41,Stensand 0/4 - vasket,,0-4mm vasket,
Hjera,250,Maskinkult 0/250 mm,,0-250mm,
Grefsrud,41,Stensand 0/4 - vasket,,0-4mm vasket,
Hjera,41,Stensand 0/4 - vasket,,0-4mm vasket,
Hjera,401,Byggbar lekesand 0/4 mm,,Byggbar lekesand 0-4mm,
Fet,41,Stensand 0/4 - vasket,,0-4mm vasket,
Armoen,41,Stensand 0/4 - vasket,,0-4mm vasket,
Heier,41,Stensand 0/4 - vasket,,0-4mm vasket,
Hjera,416,Grøftepukk 4/16 mm,,4-16mm,
Hobøl,41,Stensand 0/4 - vasket,,0-4mm vasket,
Lørenskog,4,Stensand 0/4 mm,,0-4mm,
Hjera,508,Drenerende maskinsand (0/8 + 4/8 mm),,Ukjent,
Bjønndalen,4,Stensand 0/4 mm,,0-4mm,
Hadeland,4,Stensand 0/4 mm,,0-4mm,
Dal,4,Stensand 0/4 mm,,0-4mm,
Grefsrud,4,Stensand 0/4 mm,,0-4mm,
Hjera,4,Stensand 0/4 mm,,0-4mm,
Hjera,1116,Pukk 11/16 mm,,11-16mm,
Hjera,11161,Pukk 11/16 mm - vasket,,Ukjent,
Hjera,1222,Dekorstein / Rundsingel 12/22 mm,,Rundsingel 12-22mm,
Hjera,1296,Kulestein 22/50 mm,,Ukejnt,
Hjera,1297,Dekorstein 40/90 mm,,Elvestein 40-90mm,
Hjera,1298,Dekorstein 90/300 mm,,Elvestein 90-300mm,
Hjera,1299,Dekorstein/rundkamp +300 mm,,Elvestein 300+,
Fet,4,Stensand 0/4 mm,,0-4mm,
Armoen,4,Stensand 0/4 mm,,0-4mm,
Heier,4,Stensand 0/4 mm,,0-4mm,
Hobøl,4,Stensand 0/4 mm,,0-4mm,
Lørenskog,999928,Strøgrus 2/8 mm - resirkulert,,2-8mm resirkulert,
Bjønndalen,999928,Strøgrus 2/8 mm - resirkulert,,2-8mm resirkulert,
Hadeland,999928,Strøgrus 2/8 mm - resirkulert,,2-8mm resirkulert,
Dal,999928,Strøgrus 2/8 mm - resirkulert,,2-8mm resirkulert,
Grefsrud,999928,Strøgrus 2/8 mm - resirkulert,,2-8mm resirkulert,
Hjera,22120,Maskinkult 22/125 mm N200,,22-120mm N200,
Hjera,22250,Maskinkult 22/250 mm,,20-250mm,
Hjera,999928,Strøgrus 2/8 mm - resirkulert,,2-8mm resirkulert,
Hjera,88877,"Asfalt knust, Ak 0/16 mm
Gjenbruksasfalt",,0-16mm Knust asfalt,
Fet,999928,Strøgrus 2/8 mm - resirkulert,,2-8mm resirkulert,
Armoen,999928,Strøgrus 2/8 mm - resirkulert,,2-8mm resirkulert,
Hjera,221201,Maskinkult  22/125 mm - vasket,,Ukjent,
Heier,999928,Strøgrus 2/8 mm - resirkulert,,2-8mm resirkulert,
Hobøl,999928,Strøgrus 2/8 mm - resirkulert,,2-8mm resirkulert,
Lørenskog,3,"Strøsingel 0,5/4 mm",,"0,5-4mm",
Hjera,9922125,Maskinkult 22/125 mm - resirkulert,,20-120mm resirkulert,
Bjønndalen,3,"Strøsingel 0,5/4 mm",,"0,5-4mm",
Hjera,9999250,Maskinkult 0/250 mm - resirkulert,,0-250mm resirkulert,
Hadeland,3,"Strøsingel 0,5/4 mm",,"0,5-4mm",
Dal,3,"Strøsingel 0,5/4 mm",,"0,5-4mm",
Grefsrud,3,"Strøsingel 0,5/4 mm",,"0,5-4mm",
Hjera,3,"Strøsingel 0,5/4 mm",,"0,5-4mm",
Fet,8,Maskinsand 0/8 mm,,0-8mm,
Fet,3,"Strøsingel 0,5/4 mm",,"0,5-4mm",
Armoen,3,"Strøsingel 0,5/4 mm",,"0,5-4mm",
Heier,3,"Strøsingel 0,5/4 mm",,"0,5-4mm",
Fet,20022,Pukk 0/22 mm N200,,0-22mm N200,
Hobøl,3,"Strøsingel 0,5/4 mm",,"0,5-4mm",
Lørenskog,24,Strøsingel 2/4 mm,,2-4mm,
Bjønndalen,24,Strøsingel 2/4 mm,,2-4mm,
Fet,32,Pukk 0/32 mm,,0-32mm,
Fet,20032,Pukk 0/32 mm N200,,0-32mm N200,
Hadeland,24,Strøsingel 2/4 mm,,2-4mm,
Dal,24,Strøsingel 2/4 mm,,2-4mm,
Grefsrud,24,Strøsingel 2/4 mm,,2-4mm,
Fet,56,Pukk 0/56 mm,,0-56mm,
Fet,63,Pukk 0/63 mm,,0-60mm,
Fet,20063,Pukk 0/63 mm N200,,0-63mm N200,
Hjera,24,Strøsingel 2/4 mm,,2-4mm,
Fet,20090,Pukk 0/90 mm N200,,Ukjent,
Fet,101,Anleggsjord,,Harpet anleggs jord,
Fet,24,Strøsingel 2/4 mm,,2-4mm,
Armoen,24,Strøsingel 2/4 mm,,2-4mm,
Fet,150,Maskinkult 0/150,,0-150mm,
Fet,200125,Maskinkult 0/125 mm N200,,0-125mm N200,
Fet,202,Kabelsand (Vasket 0/4),,Kabelsand knust 0-4mm,
Heier,24,Strøsingel 2/4 mm,,2-4mm,
Hobøl,24,Strøsingel 2/4 mm,,2-4mm,
Lørenskog,241,Strøsingel 2/4 mm - vasket,,2-4mm vasket,
Fet,250,Maskinkult 0/250 mm,,0-250mm,
Bjønndalen,241,Strøsingel 2/4 mm - vasket,,2-4mm vasket,
Hadeland,241,Strøsingel 2/4 mm - vasket,,2-4mm vasket,
Fet,401,Byggbar lekesand 0/4 mm,,Byggbar lekesand 0-4mm,
Dal,241,Strøsingel 2/4 mm - vasket,,2-4mm vasket,
Grefsrud,241,Strøsingel 2/4 mm - vasket,,2-4mm vasket,
Hjera,241,Strøsingel 2/4 mm - vasket,,2-4mm vasket,
Fet,416,Grøftepukk 4/16 mm,,4-16mm,
Fet,241,Strøsingel 2/4 mm - vasket,,2-4mm vasket,
Armoen,241,Strøsingel 2/4 mm - vasket,,2-4mm vasket,
Fet,508,Drenerende maskinsand (0/8 + 4/8 mm),,Ukjent,
Heier,241,Strøsingel 2/4 mm - vasket,,2-4mm vasket,
Hobøl,241,Strøsingel 2/4 mm - vasket,,2-4mm vasket,
Lørenskog,37,Strøsingel 3/7 mm (tørr sesongvare),,3-7mm,
Bjønndalen,37,Strøsingel 3/7 mm (tørr sesongvare),,3-7mm,
Hadeland,37,Strøsingel 3/7 mm (tørr sesongvare),,3-7mm,
Fet,1116,Pukk 11/16 mm,,11-16mm,
Fet,11161,Pukk 11/16 mm - vasket,,Ukjent,
Fet,1222,Dekorstein / Rundsingel 12/22 mm,,Rundsingel 12-22mm,
Fet,1296,Kulestein 22/50 mm,,Ukejnt,
Fet,1297,Dekorstein 40/90 mm,,Elvestein 40-90mm,
Fet,1298,Dekorstein 90/300 mm,,Elvestein 90-300mm,
Fet,1299,Dekorstein/rundkamp +300 mm,,Elvestein 300+,
Dal,37,Strøsingel 3/7 mm (tørr sesongvare),,3-7mm,
Grefsrud,37,Strøsingel 3/7 mm (tørr sesongvare),,3-7mm,
Hjera,37,Strøsingel 3/7 mm (tørr sesongvare),,3-7mm,
Fet,37,Strøsingel 3/7 mm (tørr sesongvare),,3-7mm,
Armoen,37,Strøsingel 3/7 mm (tørr sesongvare),,3-7mm,
Heier,37,Strøsingel 3/7 mm (tørr sesongvare),,3-7mm,
Hobøl,37,Strøsingel 3/7 mm (tørr sesongvare),,3-7mm,
Lørenskog,26,"Strøsingel, maks. D = 6 mm",,Ukjent,
Bjønndalen,26,"Strøsingel, maks. D = 6 mm",,Ukjent,
Fet,22120,Maskinkult 22/125 mm N200,,22-120mm N200,
Fet,22250,Maskinkult 22/250 mm,,20-250mm,
Hadeland,26,"Strøsingel, maks. D = 6 mm",,Ukjent,
Fet,88877,"Asfalt knust, Ak 0/16 mm
Gjenbruksasfalt",,0-16mm Knust asfalt,
Dal,26,"Strøsingel, maks. D = 6 mm",,Ukjent,
Grefsrud,26,"Strøsingel, maks. D = 6 mm",,Ukjent,
Fet,221201,Maskinkult  22/125 mm - vasket,,Ukjent,
Hjera,26,"Strøsingel, maks. D = 6 mm",,Ukjent,
Fet,26,"Strøsingel, maks. D = 6 mm",,Ukjent,
Armoen,26,"Strøsingel, maks. D = 6 mm",,Ukjent,
Fet,9922125,Maskinkult 22/125 mm - resirkulert,,20-120mm resirkulert,
Heier,26,"Strøsingel, maks. D = 6 mm",,Ukjent,
Fet,9999250,Maskinkult 0/250 mm - resirkulert,,0-250mm resirkulert,
Hobøl,26,"Strøsingel, maks. D = 6 mm",,Ukjent,
Lørenskog,208,Støpesand 0/8 mm,,Støpesand 0-8mm,
Bjønndalen,208,Støpesand 0/8 mm,,Støpesand 0-8mm,
Hadeland,208,Støpesand 0/8 mm,,Støpesand 0-8mm,
Armoen,8,Maskinsand 0/8 mm,,0-8mm,
Dal,208,Støpesand 0/8 mm,,Støpesand 0-8mm,
Grefsrud,208,Støpesand 0/8 mm,,Støpesand 0-8mm,
Hjera,208,Støpesand 0/8 mm,,Støpesand 0-8mm,
Armoen,20022,Pukk 0/22 mm N200,,0-22mm N200,
Fet,208,Støpesand 0/8 mm,,Støpesand 0-8mm,
Armoen,208,Støpesand 0/8 mm,,Støpesand 0-8mm,
Heier,208,Støpesand 0/8 mm,,Støpesand 0-8mm,
Armoen,32,Pukk 0/32 mm,,0-32mm,
Armoen,20032,Pukk 0/32 mm N200,,0-32mm N200,
Hobøl,208,Støpesand 0/8 mm,,Støpesand 0-8mm,
Lørenskog,304,Støtsand,,Støtsand,
Bjønndalen,304,Støtsand,,Støtsand,
Armoen,56,Pukk 0/56 mm,,0-56mm,
Armoen,63,Pukk 0/63 mm,,0-60mm,
Armoen,20063,Pukk 0/63 mm N200,,0-63mm N200,
Hadeland,304,Støtsand,,Støtsand,
Armoen,20090,Pukk 0/90 mm N200,,Ukjent,
Armoen,101,Anleggsjord,,Harpet anleggs jord,
Dal,304,Støtsand,,Støtsand,
Grefsrud,304,Støtsand,,Støtsand,
Armoen,150,Maskinkult 0/150,,0-150mm,
Armoen,200125,Maskinkult 0/125 mm N200,,0-125mm N200,
Armoen,202,Kabelsand (Vasket 0/4),,Kabelsand knust 0-4mm,
Hjera,304,Støtsand,,Støtsand,
Fet,304,Støtsand,,Støtsand,
Armoen,304,Støtsand,,Støtsand,
Armoen,250,Maskinkult 0/250 mm,,0-250mm,
Heier,304,Støtsand,,Støtsand,
Hobøl,304,Støtsand,,Støtsand,
Armoen,401,Byggbar lekesand 0/4 mm,,Byggbar lekesand 0-4mm,
Lørenskog,16,Subbus 0/16 mm,,0-16mm,
Lørenskog,16,Subbus 0/16 mm,,0-20mm,
Armoen,416,Grøftepukk 4/16 mm,,4-16mm,
Bjønndalen,16,Subbus 0/16 mm,,0-16mm,
Bjønndalen,17,Subbus 0/16 mm,,0-20mm,
Armoen,508,Drenerende maskinsand (0/8 + 4/8 mm),,Ukjent,
Hadeland,16,Subbus 0/16 mm,,0-16mm,
Dal,16,Subbus 0/16 mm,,0-16mm,
Grefsrud,16,Subbus 0/16 mm,,0-16mm,
Hjera,16,Subbus 0/16 mm,,0-16mm,
Armoen,1116,Pukk 11/16 mm,,11-16mm,
Armoen,11161,Pukk 11/16 mm - vasket,,Ukjent,
Armoen,1222,Dekorstein / Rundsingel 12/22 mm,,Rundsingel 12-22mm,
Armoen,1296,Kulestein 22/50 mm,,Ukejnt,
Armoen,1297,Dekorstein 40/90 mm,,Elvestein 40-90mm,
Armoen,1298,Dekorstein 90/300 mm,,Elvestein 90-300mm,
Armoen,1299,Dekorstein/rundkamp +300 mm,,Elvestein 300+,
Fet,16,Subbus 0/16 mm,,0-16mm,
Armoen,16,Subbus 0/16 mm,,0-16mm,
Heier,16,Subbus 0/16 mm,,0-16mm,
Hobøl,16,Subbus 0/16 mm,,0-16mm,
Lørenskog,22,Subbus 0/22 mm,,0-22mm,
Armoen,22120,Maskinkult 22/125 mm N200,,22-120mm N200,
Armoen,22250,Maskinkult 22/250 mm,,20-250mm,
Bjønndalen,22,Subbus 0/22 mm,,0-22mm,
Armoen,88877,"Asfalt knust, Ak 0/16 mm
Gjenbruksasfalt",,0-16mm Knust asfalt,
Hadeland,22,Subbus 0/22 mm,,0-22mm,
Dal,22,Subbus 0/22 mm,,0-22mm,
Armoen,221201,Maskinkult  22/125 mm - vasket,,Ukjent,
Grefsrud,22,Subbus 0/22 mm,,0-22mm,
Hjera,22,Subbus 0/22 mm,,0-22mm,
Fet,22,Subbus 0/22 mm,,0-22mm,
Armoen,9922125,Maskinkult 22/125 mm - resirkulert,,20-120mm resirkulert,
Armoen,22,Subbus 0/22 mm,,0-22mm,
Armoen,9999250,Maskinkult 0/250 mm - resirkulert,,0-250mm resirkulert,
Heier,22,Subbus 0/22 mm,,0-22mm,
Hobøl,22,Subbus 0/22 mm,,0-22mm,
Lørenskog,9999022,Subbus 0/22 mm - resirkulert,,0-22mm resirkulert,
Heier,8,Maskinsand 0/8 mm,,0-8mm,
Bjønndalen,9999022,Subbus 0/22 mm - resirkulert,,0-22mm resirkulert,
Hadeland,9999022,Subbus 0/22 mm - resirkulert,,0-22mm resirkulert,
Heier,20022,Pukk 0/22 mm N200,,0-22mm N200,
Dal,9999022,Subbus 0/22 mm - resirkulert,,0-22mm resirkulert,
Grefsrud,9999022,Subbus 0/22 mm - resirkulert,,0-22mm resirkulert,
Hjera,9999022,Subbus 0/22 mm - resirkulert,,0-22mm resirkulert,
Heier,32,Pukk 0/32 mm,,0-32mm,
Heier,20032,Pukk 0/32 mm N200,,0-32mm N200,
Fet,9999022,Subbus 0/22 mm - resirkulert,,0-22mm resirkulert,
Armoen,9999022,Subbus 0/22 mm - resirkulert,,0-22mm resirkulert,
Heier,9999022,Subbus 0/22 mm - resirkulert,,0-22mm resirkulert,
Heier,56,Pukk 0/56 mm,,0-56mm,
Heier,63,Pukk 0/63 mm,,0-60mm,
Heier,20063,Pukk 0/63 mm N200,,0-63mm N200,
Hobøl,9999022,Subbus 0/22 mm - resirkulert,,0-22mm resirkulert,
Heier,20090,Pukk 0/90 mm N200,,Ukjent,
Heier,101,Anleggsjord,,Harpet anleggs jord,
Lørenskog,400,Syklonsand (byggbar),,Ukjent,
Bjønndalen,400,Syklonsand (byggbar),,Ukjent,
Heier,150,Maskinkult 0/150,,0-150mm,
Heier,200125,Maskinkult 0/125 mm N200,,0-125mm N200,
Heier,202,Kabelsand (Vasket 0/4),,Kabelsand knust 0-4mm,
Hadeland,400,Syklonsand (byggbar),,Ukjent,
Dal,400,Syklonsand (byggbar),,Ukjent,
Grefsrud,400,Syklonsand (byggbar),,Ukjent,
Heier,250,Maskinkult 0/250 mm,,0-250mm,
Hjera,400,Syklonsand (byggbar),,Ukjent,
Fet,400,Syklonsand (byggbar),,Ukjent,
Heier,401,Byggbar lekesand 0/4 mm,,Byggbar lekesand 0-4mm,
Armoen,400,Syklonsand (byggbar),,Ukjent,
Heier,400,Syklonsand (byggbar),,Ukjent,
Hobøl,400,Syklonsand (byggbar),,Ukjent,
Heier,416,Grøftepukk 4/16 mm,,4-16mm,
Lørenskog,88,Toppbark,,Ukjent,
Bjønndalen,88,Toppbark,,Ukjent,
Heier,508,Drenerende maskinsand (0/8 + 4/8 mm),,Ukjent,
Hadeland,88,Toppbark,,Ukjent,
Dal,88,Toppbark,,Ukjent,
Grefsrud,88,Toppbark,,Ukjent,
Hjera,88,Toppbark,,Ukjent,
Fet,88,Toppbark,,Ukjent,
Heier,1116,Pukk 11/16 mm,,11-16mm,
Heier,11161,Pukk 11/16 mm - vasket,,Ukjent,
Heier,1222,Dekorstein / Rundsingel 12/22 mm,,Rundsingel 12-22mm,
Heier,1296,Kulestein 22/50 mm,,Ukejnt,
Heier,1297,Dekorstein 40/90 mm,,Elvestein 40-90mm,
Heier,1298,Dekorstein 90/300 mm,,Elvestein 90-300mm,
Heier,1299,Dekorstein/rundkamp +300 mm,,Elvestein 300+,
Armoen,88,Toppbark,,Ukjent,
Heier,88,Toppbark,,Ukjent,
Hobøl,88,Toppbark,,Ukjent,
Lørenskog,8161,Vasket 8/16 mm,,8-16mm vasket,
Bjønndalen,8161,Vasket 8/16 mm,,8-16mm vasket,
Hadeland,8161,Vasket 8/16 mm,,8-16mm vasket,
Dal,8161,Vasket 8/16 mm,,8-16mm vasket,
Grefsrud,8161,Vasket 8/16 mm,,8-16mm vasket,
Hjera,8161,Vasket 8/16 mm,,8-16mm vasket,
Heier,22120,Maskinkult 22/125 mm N200,,22-120mm N200,
Heier,22250,Maskinkult 22/250 mm,,20-250mm,
Fet,8161,Vasket 8/16 mm,,8-16mm vasket,
Heier,88877,"Asfalt knust, Ak 0/16 mm
Gjenbruksasfalt",,0-16mm Knust asfalt,
Armoen,8161,Vasket 8/16 mm,,8-16mm vasket,
Heier,8161,Vasket 8/16 mm,,8-16mm vasket,
Heier,221201,Maskinkult  22/125 mm - vasket,,Ukjent,
Hobøl,8161,Vasket 8/16 mm,,8-16mm vasket,
Lørenskog,21,Vasket maskinsand 0/2 mm,,0-2mm vasket,
Bjønndalen,21,Vasket maskinsand 0/2 mm,,0-2mm vasket,
Heier,9922125,Maskinkult 22/125 mm - resirkulert,,20-120mm resirkulert,
Hadeland,21,Vasket maskinsand 0/2 mm,,0-2mm vasket,
Heier,9999250,Maskinkult 0/250 mm - resirkulert,,0-250mm resirkulert,
Dal,21,Vasket maskinsand 0/2 mm,,0-2mm vasket,
Grefsrud,21,Vasket maskinsand 0/2 mm,,0-2mm vasket,
Hjera,21,Vasket maskinsand 0/2 mm,,0-2mm vasket,
Fet,21,Vasket maskinsand 0/2 mm,,0-2mm vasket,
Hobøl,8,Maskinsand 0/8 mm,,0-8mm,
Armoen,21,Vasket maskinsand 0/2 mm,,0-2mm vasket,
Heier,21,Vasket maskinsand 0/2 mm,,0-2mm vasket,
Hobøl,21,Vasket maskinsand 0/2 mm,,0-2mm vasket,
Hobøl,20022,Pukk 0/22 mm N200,,0-22mm N200,
Lørenskog,404,Vasket pussesand 0/4 mm,,Pussesand 0-4mm vasket,
Bjønndalen,404,Vasket pussesand 0/4 mm,,Pussesand 0-4mm vasket,
Hadeland,404,Vasket pussesand 0/4 mm,,Pussesand 0-4mm vasket,
Hobøl,32,Pukk 0/32 mm,,0-32mm,
Hobøl,20032,Pukk 0/32 mm N200,,0-32mm N200,
Dal,404,Vasket pussesand 0/4 mm,,Pussesand 0-4mm vasket,
Grefsrud,404,Vasket pussesand 0/4 mm,,Pussesand 0-4mm vasket,
Hjera,404,Vasket pussesand 0/4 mm,,Pussesand 0-4mm vasket,
Hobøl,56,Pukk 0/56 mm,,0-56mm,
Hobøl,63,Pukk 0/63 mm,,0-60mm,
Hobøl,20063,Pukk 0/63 mm N200,,0-63mm N200,
Fet,404,Vasket pussesand 0/4 mm,,Pussesand 0-4mm vasket,
Hobøl,20090,Pukk 0/90 mm N200,,Ukjent,
Hobøl,101,Anleggsjord,,Harpet anleggs jord,
Armoen,404,Vasket pussesand 0/4 mm,,Pussesand 0-4mm vasket,
Heier,404,Vasket pussesand 0/4 mm,,Pussesand 0-4mm vasket,
Hobøl,150,Maskinkult 0/150,,0-150mm,
Hobøl,200125,Maskinkult 0/125 mm N200,,0-125mm N200,
Hobøl,202,Kabelsand (Vasket 0/4),,Kabelsand knust 0-4mm,
Hobøl,404,Vasket pussesand 0/4 mm,,Pussesand 0-4mm vasket,
Lørenskog,408,Vasket støpesand 0/8 mm,,Støpesand 0-8mm vasket,
Bjønndalen,408,Vasket støpesand 0/8 mm,,Støpesand 0-8mm vasket,
Hobøl,250,Maskinkult 0/250 mm,,0-250mm,
Hadeland,408,Vasket støpesand 0/8 mm,,Støpesand 0-8mm vasket,
Dal,408,Vasket støpesand 0/8 mm,,Støpesand 0-8mm vasket,
Hobøl,401,Byggbar lekesand 0/4 mm,,Byggbar lekesand 0-4mm,
Grefsrud,408,Vasket støpesand 0/8 mm,,Støpesand 0-8mm vasket,
Hjera,408,Vasket støpesand 0/8 mm,,Støpesand 0-8mm vasket,
Fet,408,Vasket støpesand 0/8 mm,,Støpesand 0-8mm vasket,
Hobøl,416,Grøftepukk 4/16 mm,,4-16mm,
Armoen,408,Vasket støpesand 0/8 mm,,Støpesand 0-8mm vasket,
Heier,408,Vasket støpesand 0/8 mm,,Støpesand 0-8mm vasket,
Hobøl,508,Drenerende maskinsand (0/8 + 4/8 mm),,Ukjent,
Hobøl,408,Vasket støpesand 0/8 mm,,Støpesand 0-8mm vasket,
Lørenskog,88888,,Innkjøring av asfaltflak,Asfaltflak,
Lørenskog,99996,,Innkjøring av sprengstein,Sprengstein,
Bjønndalen,88888,,Innkjøring av asfaltflak,Asfaltflak,
Bjønndalen,99996,,Innkjøring av sprengstein,Sprengstein,
Hobøl,1116,Pukk 11/16 mm,,11-16mm,
Hobøl,11161,Pukk 11/16 mm - vasket,,Ukjent,
Hobøl,1222,Dekorstein / Rundsingel 12/22 mm,,Rundsingel 12-22mm,
Hobøl,1296,Kulestein 22/50 mm,,Ukejnt,
Hobøl,1297,Dekorstein 40/90 mm,,Elvestein 40-90mm,
Hobøl,1298,Dekorstein 90/300 mm,,Elvestein 90-300mm,
Hobøl,1299,Dekorstein/rundkamp +300 mm,,Elvestein 300+,
Hadeland,88888,,Innkjøring av asfaltflak,Asfaltflak,
Hadeland,99996,,Innkjøring av sprengstein,Sprengstein,
Dal,88888,,Innkjøring av asfaltflak,Asfaltflak,
Dal,99996,,Innkjøring av sprengstein,Sprengstein,
Grefsrud,88888,,Innkjøring av asfaltflak,Asfaltflak,
Grefsrud,99996,,Innkjøring av sprengstein,Sprengstein,
Hjera,88888,,Innkjøring av asfaltflak,Asfaltflak,
Hjera,99996,,Innkjøring av sprengstein,Sprengstein,
Fet,88888,,Innkjøring av asfaltflak,Asfaltflak,
Hobøl,22120,Maskinkult 22/125 mm N200,,22-120mm N200,
Hobøl,22250,Maskinkult 22/250 mm,,20-250mm,
Fet,99996,,Innkjøring av sprengstein,Sprengstein,
Hobøl,88877,"Asfalt knust, Ak 0/16 mm
Gjenbruksasfalt",,0-16mm Knust asfalt,
Armoen,88888,,Innkjøring av asfaltflak,Asfaltflak,
Armoen,99996,,Innkjøring av sprengstein,Sprengstein,
Hobøl,221201,Maskinkult  22/125 mm - vasket,,Ukjent,
Heier,88888,,Innkjøring av asfaltflak,Asfaltflak,
Heier,99996,,Innkjøring av sprengstein,Sprengstein,
Hobøl,88888,,Innkjøring av asfaltflak,Asfaltflak,
Hobøl,9922125,Maskinkult 22/125 mm - resirkulert,,20-120mm resirkulert,
Hobøl,99996,,Innkjøring av sprengstein,Sprengstein,
Hobøl,9999250,Maskinkult 0/250 mm - resirkulert,,0-250mm resirkulert,
Dal,552,,Fyllmasser bløte,Rene bløte masser,
Dal,556,,Fyllmasser tørre,Rene tørre masser,
Hobøl,552,,Fyllmasser bløte,Rene bløte masser,
Hobøl,556,,Fyllmasser tørre,Rene tørre masser,
Kulmoen,552,,Fyllmasser bløte,Rene bløte masser,
Kulmoen,556,,Fyllmasser tørre,Rene tørre masser,
Hjera,552,,Fyllmasser bløte,Rene bløte masser,
Hjera,556,,Fyllmasser tørre,Rene tørre masser,
BAT,,,Rene tørre gravemasser,Rene tørre masser,
BAT,,,Gjenbruks betong,Ren betong uten armering,
BAT,,,Betong med armering,Ren betong med armering,
Åsland pukkverk,102,Subbus 0-20mm,,0-20mm,
Åsland pukkverk,102,Subbus 0-20mm,,0-16mm,
Åsland pukkverk,102,Subbus 0-20mm,,0-22mm,
Åsland pukkverk,105,Pukk 20-60 mm,,20-60mm,
Åsland pukkverk,105,Pukk 20-60 mm,,22-63mm,
Åsland pukkverk,107,Maskinkult 20-120 mm,,20-120mm,
Åsland pukkverk,107,Maskinkult 20-120 mm,,22-125mm,
Åsland pukkverk,107,Maskinkult 20-120 mm,,22-120mm,
Åsland pukkverk,110,Sprengstein 0-700,,Sprengstein >700mm,
Åsland pukkverk,201,Maskinsand 0-4 mm,,0-4mm,
Åsland pukkverk,206,Pukk 16-22 mm,,16-22mm,
Åsland pukkverk,211,Pukk 4-16 mm,,4-16mm,
Øynebråten,1,0-4 knust stein  NS-EN 13043 morene,,0-4mm,
Øynebråten,2,4-8 pukk knust morene,,4-8mm,
Øynebråten,3,6-16 knust natur,,6-16mm,
Øynebråten,4,8-16 Pukk NS-EN 12620 morene,,8-16mm,
Øynebråten,5,11-16 Pukk NS-EN 13043 morene,,11-16mm,
Øynebråten,6,16-22 knust fjell,,16-22mm,
Øynebråten,7,20-60 Knust Fjell,,20-60mm,
Øynebråten,8,20-120 Knust Fjell,,20-120mm,
Øynebråten,9,0-22 knust fjell,,0-22mm,
Øynebråten,10,0-32 knust fjell,,0-32mm,
Øynebråten,11,0-60 Knust fjell,,0-60mm,
Øynebråten,12,16-32 knust fjell,,16-32mm,
Øynebråten,13,0-8 Kabelsand NS-EN 13242,,Kabelsand natur 0-8mm,
Øynebråten,15,0-20 Knust Asfalt,,0-20mm Knust Asfalt,
